{"Forest":{"ObjectsAmount":2,"FlyObject_0":{"Name":"j","UID":1205277,"Interactable":false,"Transform":{"Position":{"x":-240.00004577636719,"y":-76.000015258789063},"Rotation":{"x":0,"y":0},"Scale":{"x":1,"y":1}},"ClickableArea":{"Active":false,"DirectPosition":false,"Color":{"r":1,"g":0.80000001192092896,"b":0.80000001192092896,"a":0.40000000596046448},"MinPoint":{"x":-420.00006103515625},"MaxPoint":{"x":-420.00006103515625}}},"FlyObject_1":{"Name":"jj","UID":5288532,"Interactable":false,"Transform":{"Position":{"x":-323.00006103515625,"y":-184.00003051757813},"Rotation":{"x":0,"y":0},"Scale":{"x":1,"y":1}},"Actions":{"DisplayImage":{"ImageWidth":512,"ImageHeigth":512,"TextureName":"Transformer.png"}},"ClickableArea":{"Active":false,"DirectPosition":false,"Color":{"r":1,"g":0.80000001192092896,"b":0.80000001192092896,"a":0.40000000596046448},"MinPoint":{"x":-530.666748046875,"y":-113.93309020996094},"MaxPoint":{"x":-330.666748046875,"y":-376.733642578125}}}}}