{"Room Name":{"ObjectsAmount":1,"FlyObject_0":{"Name":"Pajarrako","UID":1205277,"Interactable":false,"Transform":{"Position":{"x":0,"y":0},"Rotation":{"x":0,"y":0},"Scale":{"x":4.6799988746643066,"y":4.2266659736633301}},"Actions":{"DisplayImage":{"ImageWidth":512,"ImageHeigth":512,"TextureName":"Parrot.jpg"}},"ClickableArea":{"Active":false,"DirectPosition":false,"Color":{"r":1,"g":0.80000001192092896,"b":0.80000001192092896,"a":0.40000000596046448},"MinPoint":{"x":-100,"y":93.333335876464844},"MaxPoint":{"x":100,"y":-93.333335876464844},"PosPerc":{"x":0,"y":0},"SizePerc":{"x":1,"y":1}}}}}