{"Inventory":{"BackgroundColor":{"r":0,"g":0,"b":0,"a":0.86274510622024536},"SlotColor":{"r":0.05370369553565979,"g":0.103292316198349,"b":0.5,"a":0.69411766529083252},"ArrowColor":{"r":1,"g":0,"b":0,"a":0.85882353782653809}}}