{"Inventory":{"BackgroundColor":{"r":1,"g":1,"b":1,"a":1},"SlotColor":{"r":0.78681856393814087,"g":0,"b":0.88518518209457397,"a":1},"ArrowColor":{"r":0.95604783296585083,"g":0.011111140251159668,"b":1,"a":1}}}